Top queries,Clicks,Impressions,CTR,Position
bright support,57,192,29.69%,6.92
brightsupport,18,24,75%,2.54
bright support shepparton,16,27,59.26%,1
bright support services,9,31,29.03%,3.06
disability support shepparton,5,22,22.73%,2.64
ndis shepparton,3,321,0.93%,10.62
blissful support shepparton,2,167,1.2%,3.04
disability support worker shepparton,2,97,2.06%,1.21
disability support worker,2,89,2.25%,2.12
bright support coordination,2,39,5.13%,2.82
disability support services shepparton,1,207,0.48%,7.3
support coordination shepparton,1,185,0.54%,7.62
ndis provider shepparton,1,183,0.55%,7.38
disability services shepparton,1,84,1.19%,10.8
ndis services shepparton,1,36,2.78%,11.11
blissful support,1,21,4.76%,8.05
ndis providers near me,1,10,10%,4.2
support work shepparton,1,7,14.29%,9.86
disability support,1,4,25%,3.75
disability agency,1,2,50%,1
disability support agencies,1,2,50%,1
disability support organisations near me,1,2,50%,1
disability support worker companies,1,2,50%,1
disability support provider,1,2,50%,1.5
in home support ndis,1,2,50%,6.5
supported independent living providers,1,1,100%,8
ndis provider brighton,0,225,0%,53.09
ndis provider brighton north,0,176,0%,56.48
ndis group centre based activities in glossop,0,170,0%,62.25
ndis community participation shepparton,0,169,0%,11.47
ndis community participation in glossop,0,164,0%,59.95
ndis nursing,0,162,0%,32.78
ndis service provider shepparton,0,141,0%,4.85
ndis service provider boronia,0,118,0%,75.03
shepparton disability services,0,101,0%,10.21
ndis support workers boronia,0,101,0%,83.64
ndis disability support services brighton,0,96,0%,61.65
disability support services brighton north,0,94,0%,56.67
ndis disability support services brighton north,0,94,0%,56.91
ndis provider brighton east,0,94,0%,63.19
disability service provider brighton north,0,94,0%,63.29
ndis providers shepparton,0,93,0%,3.44
ndis support services,0,92,0%,1.01
ndis registered oven cleaning,0,92,0%,14.37
disability service provider brighton,0,92,0%,58.43
ndis accommodation shepparton,0,88,0%,12.81
disability support services brighton,0,88,0%,63.9
community nursing care shepparton,0,86,0%,18.99
ndis service provider brighton north,0,85,0%,59.02
ndis service provider brighton,0,84,0%,60.9
ndis community nursing care,0,75,0%,73.16
ndis provider blind bight,0,74,0%,61.47
ndis hydrotherapy,0,73,0%,77.04
assistance with self care activities ndis shepparton,0,72,0%,15.47
disability support brighton,0,72,0%,55.83
ndis service provider blind bight,0,70,0%,64.74
ndis provider wyndham vale,0,69,0%,77.33
ndis service provider brighton road,0,67,0%,52.43
hydrotherapy ndis,0,66,0%,77.29
positive behaviour support hobart,0,65,0%,80.14
positive behaviour support disability,0,65,0%,87.55
disability service provider brighton east,0,58,0%,56.78
disability support services brighton east,0,58,0%,60.98
ndis disability support services dewhurst,0,58,0%,61.95
disability support robertson,0,57,0%,45.09
behaviour therapy ndis,0,57,0%,80.4
ndis cleaning shepperton,0,56,0%,2.32
ndis disability support services brighton east,0,55,0%,59.27
ndis services boronia,0,55,0%,73.33
ndis disability support services brighton road,0,53,0%,71
ndis approved oven cleaning services,0,52,0%,25.33
ndis service provider brighton east,0,50,0%,57.06
ndis provider sandhurst,0,49,0%,73.27
ndis service provider clydebank,0,49,0%,81.57
nursing care services boronia,0,48,0%,79.15
ndis provider greensborough,0,45,0%,69
ndis travel and transport support in glossop,0,44,0%,38
ndis cleaning brighton,0,44,0%,53.8
physio shepparton,0,44,0%,58.75
ndis support worker shepparton,0,43,0%,12.81
sil housing brighton,0,43,0%,59.81
ndis services in boronia,0,43,0%,83.26
ndis household tasks support glossop,0,42,0%,87.88
ndis provider alberton,0,39,0%,70.56
positive behaviour support strategies disability,0,39,0%,89.28
behaviour support,0,37,0%,100.54
ndis disability support services boronia,0,35,0%,80.34
disability employment services shepparton,0,34,0%,33.38
ndis provider welsby,0,34,0%,62.59
bright careers,0,33,0%,2.88
ndis behaviours of concern,0,33,0%,63.79
hydrotherapy brighton,0,33,0%,81.97
bright care services,0,32,0%,3.88
shepparton ndis,0,32,0%,6.31
support worker shepparton,0,32,0%,10.75
ndis provider cleveland,0,32,0%,66.53
disability service provider blind bight,0,32,0%,82.69
ndis plan management shepparton,0,31,0%,4.77
ndis transport shepparton,0,31,0%,19.68
bright home health,0,30,0%,2.43
ndis shepparton office,0,29,0%,10.07
victoria sil,0,29,0%,27.17
disability service provider brighton road,0,29,0%,69.93
ndis community participation in prestons,0,29,0%,71.76
positive behaviour support ndis,0,29,0%,82.52
behaviour support for children,0,29,0%,82.9
ndis approved personal trainers,0,29,0%,86.48
ndis provider brighton road,0,28,0%,44.18
disability service provider boronia,0,26,0%,83.92
ndis registered personal trainers,0,25,0%,51.8
ndis disability support services forest hill,0,25,0%,68.84
ndis provider toorak,0,25,0%,74.36
disability service provider dewhurst,0,25,0%,77.6
ndis provider boronia,0,24,0%,74.96
disability support services brighton road,0,24,0%,80.79
bright therapy,0,23,0%,3.3
bright health,0,23,0%,5.52
ndis provider brighton-le-sands,0,23,0%,63.91
ndis community nursing,0,23,0%,72.09
positive behaviour support for children,0,23,0%,79.13
disability,0,22,0%,3.23
house cleaning shepparton,0,22,0%,26.5
ndis group centre based activities in berri,0,22,0%,54.86
shepparton to bright,0,21,0%,22.67
brightstar nursing,0,20,0%,38.4
ndis service provider dewhurst,0,20,0%,77.05
positive behaviour support brighton,0,20,0%,78.6
ndis provider kilsyth,0,20,0%,83.45
what are the different living arrangements available in sil,0,19,0%,34.21
behaviours of concern ndis,0,19,0%,60.89
ndis provider south yarra,0,19,0%,74.74
positive behaviour support australia,0,19,0%,88.21
ndis disability support services kilsyth,0,19,0%,90.95
bright care home and support,0,18,0%,3.56
bright coordination,0,18,0%,11.17
nursing care shepparton,0,18,0%,29.83
bright plans,0,18,0%,42.83
ndis provider prahran,0,18,0%,48.22
ndis physio brighton,0,18,0%,83.22
behaviour support for disabilities,0,18,0%,95.83
ndis oven cleaning contractors,0,17,0%,23.24
ndis disability support services bunyip north,0,17,0%,71.06
positive behaviour support,0,17,0%,94.29
ndis vacuum cleaner,0,16,0%,54.88
behaviour support plan brighton,0,16,0%,56.44
ndis behaviour support victoria,0,16,0%,75.19
ndis provider heidelberg,0,16,0%,78.88
ndis provider lyndhurst,0,16,0%,82.75
ndis service provider kilsyth,0,16,0%,90.31
disability support services,0,15,0%,1.6
ndis complex nursing care,0,15,0%,43.47
ndis group programs,0,15,0%,57.87
help with challenging behaviours ndis werribee vic,0,15,0%,68.4
ndis disability support services toorak,0,15,0%,83.27
ndis provider steiglitz,0,15,0%,84.33
ndis provider brunswick,0,15,0%,86.2
ndis provider elanora heights,0,15,0%,94.87
shepparton physiotherapy,0,14,0%,45.57
ndis community participation in berri,0,14,0%,66.5
ndis provider stafford heights,0,14,0%,84.64
physiotherapy shepparton,0,13,0%,47.77
complex nursing care,0,13,0%,55.08
registered ndis provider brighton,0,13,0%,65.77
behaviour support ndis,0,13,0%,79.77
ndis disability support services bunyip,0,13,0%,82.54
ndis service provider lyndhurst,0,13,0%,83.92
ndis,0,12,0%,7.08
bright to shepparton,0,12,0%,16.25
bright carrier,0,12,0%,33.58
ndis services brighton,0,12,0%,62.42
ndis provider bundoora,0,12,0%,67.33
ndis disability support services blind bight,0,12,0%,69.58
sil housing brighton north,0,12,0%,79.75
disability behaviour support sydney,0,12,0%,86.25
aquatic physiotherapy brighton,0,12,0%,88.25
disability support cleveland,0,12,0%,88.92
positive behaviour support for people with intellectual disability,0,12,0%,91.92
disability support services dewhurst,0,11,0%,45
unidex complex care,0,11,0%,66.36
positive behaviour therapy mulgrave vic,0,11,0%,82.09
ndis service provider toorak,0,11,0%,82.73
disability service provider lyndhurst,0,10,0%,73.5
ndis service provider bundoora,0,10,0%,73.5
ndis services bundoora,0,10,0%,82.2
ndis travel & transport services kilsyth,0,10,0%,88.1
behaviour support services,0,10,0%,92.9
disability services bundoora,0,10,0%,96.1
disability support services boronia,0,10,0%,96.1
bright behaviour support services,0,9,0%,11.44
bright employment,0,9,0%,18.89
ndis personal trainers chullora,0,9,0%,51.11
shepparton physio,0,9,0%,59.11
disability support park ridge,0,9,0%,64.78
ndis providers bundoora,0,9,0%,73.22
assistance in shared living arrangement victoria,0,9,0%,82.33
sil housing prahran,0,9,0%,86.56
positive behaviour support services,0,9,0%,97.89
complex nursing,0,8,0%,37.62
disability support services lyndhurst,0,8,0%,75.62
ndis disability support services clydebank,0,8,0%,77.38
ndis personal training registration,0,8,0%,96.12
ndis providers,0,7,0%,2.29
ndis provider,0,7,0%,4.86
brighter living cleaning and support services,0,7,0%,15.86
ndis provider oakleigh east,0,7,0%,49.71
ndis service provider roxburgh park,0,7,0%,56.86
ndis innovative community participation in glossop,0,7,0%,57
disability service provider ashburton,0,7,0%,61.86
registered ndis provider wyndham vale,0,7,0%,68.43
supported independent living brighton,0,7,0%,73.14
disability support services forest hill,0,7,0%,84.43
disability service providers bundoora,0,7,0%,94.29
district nursing shepparton,0,6,0%,10.67
elderly cleaning services,0,6,0%,15.67
companionship for disabled,0,6,0%,25.83
bright care,0,6,0%,38
shepparton access,0,6,0%,42.17
bright access,0,6,0%,43.67
clinical care under ndis,0,6,0%,48.83
ndis disability support services lyndhurst,0,6,0%,66.33
ndis behaviour support for children cranbourne vic,0,6,0%,72.67
nursing ndis,0,6,0%,76
ndis community nursing victoria,0,6,0%,78.33
ndis nursing assessments,0,6,0%,80
sil accommodations bayside,0,6,0%,84.67
ndis community participation in austral,0,6,0%,89.33
ndis positive behaviour support forest hill,0,6,0%,89.33
positive behaviour therapy,0,6,0%,94.33
disability support service,0,5,0%,1
brightt behaviour support,0,5,0%,8
bright behavior therapy,0,5,0%,9.8
disabled personal trainer,0,5,0%,28.4
ndis companionship support,0,5,0%,35.8
ndis funded personal training,0,5,0%,48.8
behaviour support ndis cleveland,0,5,0%,49.2
specialist behaviour support cleveland,0,5,0%,66.4
centre for positive behaviour support,0,5,0%,67.2
ndis service provider monomeith,0,5,0%,71.2
registered ndis service provider bundoora,0,5,0%,73
ndis positive behaviour support melton vic,0,5,0%,73.4
disability support services toorak,0,5,0%,76
ndis provider willoughby,0,5,0%,77.4
hydro ndis,0,5,0%,77.6
disability service provider kilsyth,0,5,0%,79
ndis group programs piara waters,0,5,0%,87.4
ndis group programs beckenham,0,5,0%,89
ndis provider oakhurst,0,5,0%,93.4
ndis provider gardenvale,0,5,0%,94
home care services,0,4,0%,1
ndis near me,0,4,0%,5.75
hydrotherapy,0,4,0%,6.75
ndis travel assistance alderley,0,4,0%,12
personal trainer for disabled,0,4,0%,16.5
ndis travel and transport assistance alderley,0,4,0%,16.75
bright jobs,0,4,0%,25.25
jobs bright,0,4,0%,33.75
ndis provider lucas heights,0,4,0%,60.5
bright start behaviour support,0,4,0%,63
ndis provider tootgarook,0,4,0%,66
group programs ndis,0,4,0%,67
ndis physiotherapist brighton,0,4,0%,74.25
ndis provider murarrie,0,4,0%,75
disability support services heatherton,0,4,0%,79.25
ndis verified service provider brighton east,0,4,0%,79.5
ndis physiotherapist thebarton,0,4,0%,82
ndis provider upper plenty,0,4,0%,83.75
disability service provider toorak,0,4,0%,86
ndis provider dewhurst,0,4,0%,87.25
ndis group & centre based activities in loxton,0,4,0%,87.5
ndis positive behaviour support ferntree gully,0,4,0%,89.5
disability support services meadow heights,0,4,0%,89.75
complex care needs,0,4,0%,91
disability service provider bunyip,0,4,0%,95
ndis support worker near me,0,3,0%,1
support services,0,3,0%,1
personal services shepparton,0,3,0%,1.67
support coordination,0,3,0%,4.67
support coordinator near me,0,3,0%,5
support workers near me,0,3,0%,7
bright ndis,0,3,0%,7.33
disability training,0,3,0%,7.33
ndis support and companionship services,0,3,0%,20.67
companion services for disabled,0,3,0%,30.33
personal trainer for disability,0,3,0%,31.33
house cleaning services for the elderly,0,3,0%,33
rubix support,0,3,0%,44.33
specialist behaviour support services cleveland,0,3,0%,58
ndis service provider wyndham vale,0,3,0%,59.67
brightside disability support & respite,0,3,0%,61.33
ndis service provider hughesdale,0,3,0%,62.33
bright sky continence,0,3,0%,63.33
disability support ascot,0,3,0%,68
ndis provider robertson,0,3,0%,68
ndis social groups,0,3,0%,68
cleaning services for the disabled,0,3,0%,69.67
ndis nursing care,0,3,0%,70
complex care needs ndis,0,3,0%,71.33
ndis shared living arrangements in glossop,0,3,0%,75
ndis service provider bunyip,0,3,0%,76
ndis hydro,0,3,0%,77
ndis registered cleaning brighton,0,3,0%,79.33
ndis exercise support brighton,0,3,0%,80.33
behavioural therapy ndis,0,3,0%,84
ndis service provider gardenvale,0,3,0%,85.67
ndis group and centre based activities in loxton,0,3,0%,87.33
behaviour support practitioner mornington,0,3,0%,94
positive behaviour support service,0,3,0%,94
ndis community participation activities kilsyth,0,3,0%,94.67
disability service near me,0,2,0%,1
disability service providers near me,0,2,0%,1
disability support providers,0,2,0%,1
registered ndis providers near me,0,2,0%,1
support workers ndis,0,2,0%,1
ndis agency,0,2,0%,1.5
ndis clients near me,0,2,0%,1.5
support workers,0,2,0%,1.5
support providers,0,2,0%,2
ndis transport services,0,2,0%,3
social skills groups,0,2,0%,3
ndis services,0,2,0%,3.5
bright direction,0,2,0%,4.5
ndis support,0,2,0%,5
bright assist,0,2,0%,6
disability services near me,0,2,0%,6
ndis transport providers,0,2,0%,7.5
support professional jobs,0,2,0%,8.5
bright contact number,0,2,0%,9
ndis workers,0,2,0%,9
transport services for disability,0,2,0%,9
ndis cleaners,0,2,0%,10
ndis home maintenance,0,2,0%,11
bright support coordination gold coast,0,2,0%,12
ndis logo,0,2,0%,25
personal trainer disability,0,2,0%,29
home cleaning services for the elderly,0,2,0%,37.5
ndis provider peakhurst heights,0,2,0%,37.5
home care shepparton,0,2,0%,39
ndis service meadow heights,0,2,0%,49
disability personal trainer,0,2,0%,49.5
disability service provider forest hill,0,2,0%,50.5
community access ndis,0,2,0%,52
ndis deep clean,0,2,0%,52.5
disability support alberton,0,2,0%,55.5
ndis physiotherapy services,0,2,0%,57
ndis registered provider boronia heights,0,2,0%,58
bright upwards,0,2,0%,59.5
ndis verified service provider roxburgh park,0,2,0%,61
specialist behaviour support bracken ridge,0,2,0%,63
nursing agency alberton,0,2,0%,65.5
cleaners shepparton,0,2,0%,69
autism behaviour support ndis,0,2,0%,70
ndis physiotherapist fullarton,0,2,0%,70
better support solutions,0,2,0%,72
specialised cleaning services,0,2,0%,73.5
specialist behaviour support services bracken ridge,0,2,0%,75.5
positive behavioural support ndis,0,2,0%,76.5
ndis provider darling,0,2,0%,77
ndis social programs,0,2,0%,77
ndis provider ramsgate,0,2,0%,77.5
ndis service provider forest hill,0,2,0%,78.5
ndis complex care,0,2,0%,83.5
behaviour therapy for disability,0,2,0%,85
ndis cleaning toorak,0,2,0%,85.5
behaviour support ndis melbourne,0,2,0%,86
ndis transport tarneit,0,2,0%,87.5
child behaviour support services,0,2,0%,88
ndis behavioural therapy,0,2,0%,88.5
ndis registered cleaner brighton,0,2,0%,89.5
ndis registered cleaning brunswick,0,2,0%,92.5
personal trainers for individuals with a disability,0,2,0%,93.5
functional behaviour assessment ndis chatsworth,0,2,0%,95
ndis continence nurse ayr,0,2,0%,95.5
ndis provider virginia,0,2,0%,96
personal trainer for disabilities,0,2,0%,96
positive behaviour support for adults,0,2,0%,97
aged care and disability services,0,1,0%,1
autism support services near me,0,1,0%,1
beyondhousing,0,1,0%,1
bright contact,0,1,0%,1
bright support number,0,1,0%,1
disability care,0,1,0%,1
disability service providers,0,1,0%,1
disability support agency,0,1,0%,1
disability support services victoria,0,1,0%,1
disability support worker near me,0,1,0%,1
disability support workers,0,1,0%,1
disabilty support,0,1,0%,1
find a support worker near me,0,1,0%,1
independant living,0,1,0%,1
it support shepparton,0,1,0%,1
living arrangements,0,1,0%,1
ndia near me,0,1,0%,1
ndis agency near me,0,1,0%,1
ndis cleaning,0,1,0%,1
ndis coordinator near me,0,1,0%,1
ndis plan manager near me,0,1,0%,1
ndis registered providers,0,1,0%,1
ndis services near me,0,1,0%,1
ndis support coordinators near me,0,1,0%,1
ndis support workers near me,0,1,0%,1
plan managers near me,0,1,0%,1
sil homes near me,0,1,0%,1
support coordinator shepparton,0,1,0%,1
support worker near me,0,1,0%,1
support workers agency,0,1,0%,1
agency support worker,0,1,0%,2
brightway disability care,0,1,0%,2
disability housing near me,0,1,0%,2
ndis company,0,1,0%,2
ndis service providers,0,1,0%,2
ndis support workers,0,1,0%,2
autism support groups,0,1,0%,3
brights,0,1,0%,3
disability support companies near me,0,1,0%,3
ndis provider phone number,0,1,0%,3
parent pathways providers near me,0,1,0%,3
sil providers,0,1,0%,3
aruma shepparton,0,1,0%,4
bright massage,0,1,0%,4
disability housing for rent,0,1,0%,4
disability services & support organisation,0,1,0%,4
ndis cleaners near me,0,1,0%,4
ndis domestic cleaning,0,1,0%,4
support worker,0,1,0%,4
blissful care,0,1,0%,5
bright help,0,1,0%,5
disability organizations near me,0,1,0%,5
disability places near me,0,1,0%,5
ndis agencies near me,0,1,0%,5
service provider ndis,0,1,0%,5
sil accommodation,0,1,0%,5
support worker ndis,0,1,0%,5
supportability,0,1,0%,5
women groups,0,1,0%,5
disability companies near me,0,1,0%,6
individual support ageing and disability,0,1,0%,6
personal support,0,1,0%,6
sda provider shepparton,0,1,0%,6
support services division,0,1,0%,6
bright start supports,0,1,0%,7
disability centres,0,1,0%,7
independent ndis support worker,0,1,0%,7
ndis support work,0,1,0%,7
private ndis support worker,0,1,0%,7
sunny days care ndis,0,1,0%,7
xander care shepparton,0,1,0%,7
disability worker,0,1,0%,8
ndis australia,0,1,0%,8
ndis business,0,1,0%,8
sil house,0,1,0%,8
disability centres near me,0,1,0%,9
independent disability support worker,0,1,0%,9
ndis maintenance,0,1,0%,9
shepp fresh cleaning,0,1,0%,9
bright charity,0,1,0%,10
bright dots,0,1,0%,10
bright guide,0,1,0%,10
bright rn,0,1,0%,10
brights contact number,0,1,0%,10
ndis housing,0,1,0%,10
ndis office near me,0,1,0%,10
ndis support near me,0,1,0%,10
physical support,0,1,0%,10
bright care assist,0,1,0%,11
bright solutions,0,1,0%,11
open ndis business,0,1,0%,11
local support services,0,1,0%,13
ndis supports for autism,0,1,0%,13
home care service providers near me,0,1,0%,15
bright right,0,1,0%,16
brighter living cleaning services,0,1,0%,16
housing support,0,1,0%,17
disability fitness training,0,1,0%,20
places that help with rental assistance near me,0,1,0%,28
emergency accommodation shepparton,0,1,0%,31
dayaram care services,0,1,0%,36
transportation services for elderly and disabled,0,1,0%,38
support opportunities,0,1,0%,41
bb disability,0,1,0%,43
bright plan,0,1,0%,45
ndis provider boronia heights,0,1,0%,46
are able shepparton,0,1,0%,47
everybody personal training,0,1,0%,47
community services,0,1,0%,51
house cleaners shepparton,0,1,0%,51
shepp access,0,1,0%,51
disability support welsby,0,1,0%,54
cleaning services shepparton,0,1,0%,55
disability support services ashburton,0,1,0%,55
invisible support,0,1,0%,55
disability service provider hughesdale,0,1,0%,60
ndis hydrotherapy pool,0,1,0%,60
bright plan managers,0,1,0%,65
help along,0,1,0%,65
ndis groups,0,1,0%,65
direct nurse,0,1,0%,67
nurse direct,0,1,0%,67
ndis registered cleaner prahran,0,1,0%,68
24 hour nursing care at home brighton,0,1,0%,70
disability physiotherapy services,0,1,0%,72
ndis community participation st albans,0,1,0%,72
ndis behaviour intervention strategies frankston vic,0,1,0%,73
ndis behaviour support teenagers,0,1,0%,73
ndis group programs two rocks,0,1,0%,75
ndis hydrotherapy near me,0,1,0%,75
in-home nursing care ndis,0,1,0%,76
community nursing ndis,0,1,0%,77
complex care ndis,0,1,0%,77
australia ndis transport service,0,1,0%,80
ndis service provider highett,0,1,0%,81
housing shepparton,0,1,0%,82
disability support bundoora,0,1,0%,83
behaviour support dapto,0,1,0%,84
disability support services south yarra,0,1,0%,84
nursing agency boronia heights,0,1,0%,84
behaviour support plan bracken ridge,0,1,0%,85
disability support services belmont,0,1,0%,85
bridging support,0,1,0%,88
positive behaviour support tamworth,0,1,0%,88
ndis registered cleaning prahran,0,1,0%,92
ndis travel and transport support in berri,0,1,0%,95
positive behaviour program,0,1,0%,95
behaviour support resources,0,1,0%,96
behaviour support therapy,0,1,0%,97
positive behavioural support,0,1,0%,97
ndis provider oakleigh,0,1,0%,98
ndis services brighton east,0,1,0%,98
ndis group programs east cannington,0,1,0%,99
behaviour support for individuals,0,1,0%,100
ndis registered cleaning heidelberg,0,1,0%,100