Topic,Primary_Keyword,Secondary_Keywords,Target_Audience,Content_Cluster,CTA_Type,Completed,Published_URL,row_number
"Understanding Your NDIS Plan: A Complete Guide for Shepparton Participants","NDIS plan Shepparton","NDIS planning, plan management, NDIS budget",Participants,NDIS Eligibility & Planning,Free Consultation,FALSE,,1
"Person-First Language: Why Words Matter in Disability Support","person-first language NDIS","disability language, respectful language, inclusive communication",Families,NDIS Education,Download PDF,FALSE,,2
"Top 10 Questions About NDIS Funding in Greater Shepparton","NDIS funding Shepparton","NDIS budget, funding categories, plan management",Participants,NDIS Eligibility & Planning,Free Consultation,FALSE,,3
"Daily Living Support: How In-Home Care Builds Independence","daily living support Shepparton","in-home care, NDIS daily tasks, personal care",Participants,Daily Living Support,Book Assessment,FALSE,,4
"Community Nursing for Complex Care: What You Need to Know","community nursing Shepparton","complex care NDIS, nursing services, wound care",Families,Community Nursing,Free Consultation,FALSE,,5
"Navigating NDIS Plan Reviews: Tips from Shepparton Experts","NDIS plan review","plan reassessment, NDIS review process, LAC support",Participants,NDIS Eligibility & Planning,Download PDF,FALSE,,6
"The Benefits of Hydrotherapy for NDIS Participants","hydrotherapy NDIS Shepparton","aquatic therapy, therapeutic swimming, mobility improvement",Participants,Allied Health Services,Book Assessment,FALSE,,7
"Choosing the Right NDIS Provider in Shepparton","NDIS provider Shepparton","choosing provider, provider comparison, quality support",Families,Local NDIS Services,Free Consultation,FALSE,,8
"Community Participation Programs: Building Social Connections","community participation NDIS","social activities, group programs, community inclusion",Participants,Community Participation,Book Assessment,FALSE,,9
"What is Supported Independent Living (SIL)?","SIL NDIS Shepparton","supported independent living, SIL accommodation, 24/7 support",Families,Accommodation Support,Free Consultation,FALSE,,10
"Positive Behaviour Support: Evidence-Based Strategies","positive behaviour support NDIS","PBS, challenging behaviours, behaviour intervention",GPs & Professionals,Specialist Support Services,Download PDF,FALSE,,11
"Physiotherapy Services for NDIS Participants in Shepparton","physiotherapy NDIS Shepparton","physio services, mobility therapy, injury rehabilitation",Participants,Allied Health Services,Book Assessment,FALSE,,12
"Understanding Core vs Capacity Building NDIS Supports","NDIS core supports","capacity building, NDIS categories, support budgets",Participants,NDIS Eligibility & Planning,Download PDF,FALSE,,13
"Personal Training for Disability: Adaptive Fitness Programs","personal training NDIS","adaptive fitness, gym programs, strength training",Participants,Allied Health Services,Book Assessment,FALSE,,14
"Transport and Travel Assistance: Your NDIS Rights","NDIS transport assistance","travel support, mobility assistance, transport funding",Participants,Daily Living Support,Free Consultation,FALSE,,15
"Companionship Services: Combating Social Isolation","companionship NDIS Shepparton","social support, loneliness prevention, community engagement",Families,Community Participation,Book Assessment,FALSE,,16
"NDIS Plan Management vs Self-Management: What's Best?","NDIS plan management","self-managed NDIS, plan manager, NDIA managed",Participants,NDIS Eligibility & Planning,Download PDF,FALSE,,17
"Professional Cleaning Services for NDIS Participants","NDIS cleaning services","domestic assistance, home cleaning NDIS, household tasks",Participants,Daily Living Support,Book Assessment,FALSE,,18
"How to Prepare for Your NDIS Planning Meeting","NDIS planning meeting","planning conversation, NDIS goals, access request",Participants,NDIS Eligibility & Planning,Download PDF,FALSE,,19
"Allied Health Services: Maximizing Your NDIS Capacity Budget","allied health NDIS","therapy services, capacity building, OT physio",Families,Allied Health Services,Free Consultation,FALSE,,20
